{
    "scriptFile": "__init__.py",
    "bindings": [
      {
          "type" : "kafkaTrigger",
          "direction": "in",
          "name" : "kevents",
          "protocol" : "SASLSSL",
          "password" : "IjwBcmI+Q/LL/P25kQGJ5dijoHffFbYpHhOQziPt1GlaAxnDwx48mu8Aqybm1G5g",
          "topic" : "devices",
          "authenticationMode" : "PLAIN",
          "cardinality" : "MANY",
          "dataType": "string",
          "consumerGroup" : "kafka-trigger",
          "username" : "K7EQIZ5V6KY3M4GZ",
          "BrokerList" : "pkc-lz6r3.northeurope.azure.confluent.cloud:9092"
      }
  ]
}
